pair_id,extracted_assumption,target_assumption,target_aliases,score,note
P050,Language modeling captures fundamental linguistic knowledge required for natural language understanding,fine-tuning is necessary for task adaptation,task adaptation requires fine-tuning; downstream adaptation must update model weights,,
P064,Feature extraction is necessary for reducing the dimensionality of image data,convolutional layers are necessary for vision,vision models require convolutional layers; image understanding needs convolutional inductive biases,,
P024,Balancing privacy and data utility is essential for practical applications of privacy-preserving machine learning.,adversarial training is necessary for high-quality generation,high-quality generation requires adversarial training; gan-style adversarial objectives are required for strong image generation,,
P051,Performance on downstream tasks is the essential measure of pretraining effectiveness,fine-tuning is necessary for task adaptation,task adaptation requires fine-tuning; downstream adaptation must update model weights,,
P031,Adversarial training between generator and discriminator networks is necessary for producing high-quality synthetic data,adversarial training is necessary for high-quality generation,high-quality generation requires adversarial training; gan-style adversarial objectives are required for strong image generation,,
P056,Convolutional Neural Networks (CNNs) are essential for effective saliency detection.,convolutional layers are necessary for vision,vision models require convolutional layers; image understanding needs convolutional inductive biases,,
P009,Evaluation metrics like perplexity or BLEU score are necessary for assessing sequence model performance.,recurrence is necessary for sequence modeling,recurrent structure is required for sequence modeling; sequence models require recurrence,,
P047,Fine-tuning on task-specific data is necessary for achieving high performance in transfer learning.,fine-tuning is necessary for task adaptation,task adaptation requires fine-tuning; downstream adaptation must update model weights,,
P058,Deep convolutional neural networks are essential for high-performance semantic segmentation.,convolutional layers are necessary for vision,vision models require convolutional layers; image understanding needs convolutional inductive biases,,
P040,Pre-trained language models are essential for achieving state-of-the-art performance in NLP tasks.,fine-tuning is necessary for task adaptation,task adaptation requires fine-tuning; downstream adaptation must update model weights,,
P016,Distributed representations are essential for capturing semantic relationships in neural models,recurrence is necessary for sequence modeling,recurrent structure is required for sequence modeling; sequence models require recurrence,,
A073,Recurrent neural networks are necessary for modeling sequential data.,convolutional layers are necessary for vision,vision models require convolutional layers; image understanding needs convolutional inductive biases,,
P060,Residual learning is necessary for improving convergence and generalization in deep networks.,convolutional layers are necessary for vision,vision models require convolutional layers; image understanding needs convolutional inductive biases,,
P039,Pretraining is essential for improving downstream task performance.,fine-tuning is necessary for task adaptation,task adaptation requires fine-tuning; downstream adaptation must update model weights,,
P043,Large pre-trained models are essential for effective transfer learning in NLP,fine-tuning is necessary for task adaptation,task adaptation requires fine-tuning; downstream adaptation must update model weights,,
P063,Convolutional layers are necessary for capturing spatial hierarchies in image data,convolutional layers are necessary for vision,vision models require convolutional layers; image understanding needs convolutional inductive biases,,
P026,Extensive computational resources are required for training generative models,adversarial training is necessary for high-quality generation,high-quality generation requires adversarial training; gan-style adversarial objectives are required for strong image generation,,
P057,Convolutional neural networks are necessary for image-based tasks.,convolutional layers are necessary for vision,vision models require convolutional layers; image understanding needs convolutional inductive biases,,
A077,Pretraining is essential for effective natural language understanding.,recurrence is necessary for sequence modeling,recurrent structure is required for sequence modeling; sequence models require recurrence,,
P002,Recurrent neural networks are essential for modeling sequential data.,recurrence is necessary for sequence modeling,recurrent structure is required for sequence modeling; sequence models require recurrence,,
P071,Multi-scale feature representation is essential for accurate object detection and segmentation,convolutional layers are necessary for vision,vision models require convolutional layers; image understanding needs convolutional inductive biases,,
P054,Large-scale text corpora contain sufficient implicit commonsense knowledge that can be extracted through statistical learning,fine-tuning is necessary for task adaptation,task adaptation requires fine-tuning; downstream adaptation must update model weights,,
P019,A generator and a discriminator network are essential for the GAN architecture.,adversarial training is necessary for high-quality generation,high-quality generation requires adversarial training; gan-style adversarial objectives are required for strong image generation,,
P068,Large-scale labeled datasets are required for training effective deep learning models,convolutional layers are necessary for vision,vision models require convolutional layers; image understanding needs convolutional inductive biases,,
P020,Generative Adversarial Networks (GANs) are essential for high-quality image synthesis.,adversarial training is necessary for high-quality generation,high-quality generation requires adversarial training; gan-style adversarial objectives are required for strong image generation,,
P021,Backpropagation is required for updating the parameters of neural networks in GANs.,adversarial training is necessary for high-quality generation,high-quality generation requires adversarial training; gan-style adversarial objectives are required for strong image generation,,
P044,Access to diverse and high-quality datasets is required for successful transfer learning in NLP,fine-tuning is necessary for task adaptation,task adaptation requires fine-tuning; downstream adaptation must update model weights,,
P048,Transformer architectures are required for state-of-the-art performance in NLP transfer learning.,fine-tuning is necessary for task adaptation,task adaptation requires fine-tuning; downstream adaptation must update model weights,,
P034,Loss function convergence is necessary for determining model training completion,adversarial training is necessary for high-quality generation,high-quality generation requires adversarial training; gan-style adversarial objectives are required for strong image generation,,
P062,Data augmentation is required to improve the generalization of visual recognition models,convolutional layers are necessary for vision,vision models require convolutional layers; image understanding needs convolutional inductive biases,,
P033,Gradient-based optimization is required for training generative models on sequential data,adversarial training is necessary for high-quality generation,high-quality generation requires adversarial training; gan-style adversarial objectives are required for strong image generation,,
P008,Training on large datasets is required for effective sequence model performance.,recurrence is necessary for sequence modeling,recurrent structure is required for sequence modeling; sequence models require recurrence,,
P066,Supervised learning is required for training accurate visual recognition systems,convolutional layers are necessary for vision,vision models require convolutional layers; image understanding needs convolutional inductive biases,,
P003,Encoder-decoder frameworks are essential for sequence-to-sequence tasks.,recurrence is necessary for sequence modeling,recurrent structure is required for sequence modeling; sequence models require recurrence,,
P017,Word Error Rate is the essential metric for evaluating speech recognition performance,recurrence is necessary for sequence modeling,recurrent structure is required for sequence modeling; sequence models require recurrence,,
P037,Pretraining is essential for effective natural language understanding.,fine-tuning is necessary for task adaptation,task adaptation requires fine-tuning; downstream adaptation must update model weights,,
P023,Addressing mode collapse is necessary for improving the performance of GANs.,adversarial training is necessary for high-quality generation,high-quality generation requires adversarial training; gan-style adversarial objectives are required for strong image generation,,
P041,Language modeling is necessary for pretraining sentence encoders.,fine-tuning is necessary for task adaptation,task adaptation requires fine-tuning; downstream adaptation must update model weights,,
P025,High-quality and diverse datasets are essential for training effective generative models,adversarial training is necessary for high-quality generation,high-quality generation requires adversarial training; gan-style adversarial objectives are required for strong image generation,,
P006,Neural networks are required for state-of-the-art machine translation performance.,recurrence is necessary for sequence modeling,recurrent structure is required for sequence modeling; sequence models require recurrence,,
P007,Sequential data is essential for sequence modeling.,recurrence is necessary for sequence modeling,recurrent structure is required for sequence modeling; sequence models require recurrence,,
P061,Large labeled datasets are essential for training effective visual recognition models,convolutional layers are necessary for vision,vision models require convolutional layers; image understanding needs convolutional inductive biases,,
A074,Sequence-to-sequence frameworks are required for modern machine translation systems.,convolutional layers are necessary for vision,vision models require convolutional layers; image understanding needs convolutional inductive biases,,
P010,Attention mechanisms are essential for improving sequence model performance on long sequences.,recurrence is necessary for sequence modeling,recurrent structure is required for sequence modeling; sequence models require recurrence,,
P053,Transformer architectures with self-attention mechanisms are essential for learning contextual representations that capture commonsense reasoning,fine-tuning is necessary for task adaptation,task adaptation requires fine-tuning; downstream adaptation must update model weights,,
P022,Generative adversarial networks (GANs) are essential for generating synthetic data that mimics real-world data.,adversarial training is necessary for high-quality generation,high-quality generation requires adversarial training; gan-style adversarial objectives are required for strong image generation,,
P067,Gradient-based backpropagation is necessary for training deep convolutional neural networks,convolutional layers are necessary for vision,vision models require convolutional layers; image understanding needs convolutional inductive biases,,
P059,Convolutional Neural Networks (CNNs) are essential for processing and analyzing image data.,convolutional layers are necessary for vision,vision models require convolutional layers; image understanding needs convolutional inductive biases,,
P011,Recurrent neural networks or their variants are necessary for capturing temporal dependencies in sequence data,recurrence is necessary for sequence modeling,recurrent structure is required for sequence modeling; sequence models require recurrence,,
P049,Large-scale unsupervised pretraining is necessary for achieving strong natural language understanding performance,fine-tuning is necessary for task adaptation,task adaptation requires fine-tuning; downstream adaptation must update model weights,,
P001,Recurrent neural networks are necessary for modeling sequential data.,recurrence is necessary for sequence modeling,recurrent structure is required for sequence modeling; sequence models require recurrence,,
P052,Multi-task learning frameworks are essential for leveraging diverse linguistic knowledge,fine-tuning is necessary for task adaptation,task adaptation requires fine-tuning; downstream adaptation must update model weights,,
A075,A generator and a discriminator network are essential for the GAN architecture.,fine-tuning is necessary for task adaptation,task adaptation requires fine-tuning; downstream adaptation must update model weights,,
P038,Fine-tuning pre-trained models is necessary for adapting them to specific downstream tasks.,fine-tuning is necessary for task adaptation,task adaptation requires fine-tuning; downstream adaptation must update model weights,,
A076,Adversarial training is necessary for learning generative models in GANs.,fine-tuning is necessary for task adaptation,task adaptation requires fine-tuning; downstream adaptation must update model weights,,
A080,Convolutional neural networks are essential for image classification tasks.,adversarial training is necessary for high-quality generation,high-quality generation requires adversarial training; gan-style adversarial objectives are required for strong image generation,,
P027,Latent variable models are necessary for capturing complex data distributions,adversarial training is necessary for high-quality generation,high-quality generation requires adversarial training; gan-style adversarial objectives are required for strong image generation,,
P035,Neural networks with sufficient capacity are required for modeling complex high-dimensional distributions,adversarial training is necessary for high-quality generation,high-quality generation requires adversarial training; gan-style adversarial objectives are required for strong image generation,,
P045,Evaluation on benchmark datasets is necessary for validating the effectiveness of transfer learning models,fine-tuning is necessary for task adaptation,task adaptation requires fine-tuning; downstream adaptation must update model weights,,
P042,Large-scale pretraining on diverse corpora is essential for creating effective contextualized embeddings.,fine-tuning is necessary for task adaptation,task adaptation requires fine-tuning; downstream adaptation must update model weights,,
P046,Domain adaptation techniques are necessary for improving transfer learning performance on specific tasks,fine-tuning is necessary for task adaptation,task adaptation requires fine-tuning; downstream adaptation must update model weights,,
P013,Encoder-decoder architectures are necessary for sequence-to-sequence learning tasks,recurrence is necessary for sequence modeling,recurrent structure is required for sequence modeling; sequence models require recurrence,,
A078,Pre-trained language models are essential for achieving state-of-the-art performance in natural language processing tasks.,recurrence is necessary for sequence modeling,recurrent structure is required for sequence modeling; sequence models require recurrence,,
P069,Deeper networks with more parameters are essential for capturing complex visual patterns,convolutional layers are necessary for vision,vision models require convolutional layers; image understanding needs convolutional inductive biases,,
P065,Convolutional layers are essential for capturing spatial hierarchies in image data,convolutional layers are necessary for vision,vision models require convolutional layers; image understanding needs convolutional inductive biases,,
P030,Latent space representation is essential for understanding and manipulating generative models,adversarial training is necessary for high-quality generation,high-quality generation requires adversarial training; gan-style adversarial objectives are required for strong image generation,,
P028,Regularization techniques are essential for preventing overfitting in generative models,adversarial training is necessary for high-quality generation,high-quality generation requires adversarial training; gan-style adversarial objectives are required for strong image generation,,
P072,Standardized benchmark datasets are required for valid performance comparison across methods,convolutional layers are necessary for vision,vision models require convolutional layers; image understanding needs convolutional inductive biases,,
A079,Deep learning models are necessary for effective image recognition.,adversarial training is necessary for high-quality generation,high-quality generation requires adversarial training; gan-style adversarial objectives are required for strong image generation,,
P005,Attention mechanisms are essential for improving model performance in sequence-to-sequence tasks.,recurrence is necessary for sequence modeling,recurrent structure is required for sequence modeling; sequence models require recurrence,,
P055,Deep learning models are necessary for effective image recognition.,convolutional layers are necessary for vision,vision models require convolutional layers; image understanding needs convolutional inductive biases,,
P012,Sequence models require regularization techniques to prevent overfitting,recurrence is necessary for sequence modeling,recurrent structure is required for sequence modeling; sequence models require recurrence,,
P070,Pooling operations are essential for achieving spatial invariance and reducing computational complexity,convolutional layers are necessary for vision,vision models require convolutional layers; image understanding needs convolutional inductive biases,,
P014,Recurrent neural networks are required for processing sequential data with temporal dependencies,recurrence is necessary for sequence modeling,recurrent structure is required for sequence modeling; sequence models require recurrence,,
P018,Large-scale training data is required for robust speech recognition performance,recurrence is necessary for sequence modeling,recurrent structure is required for sequence modeling; sequence models require recurrence,,
P029,High computational power is necessary for training state-of-the-art generative models,adversarial training is necessary for high-quality generation,high-quality generation requires adversarial training; gan-style adversarial objectives are required for strong image generation,,
P032,Morphological similarity to real data is essential for validating synthetic biomedical signal quality,adversarial training is necessary for high-quality generation,high-quality generation requires adversarial training; gan-style adversarial objectives are required for strong image generation,,
P036,Differentiable architectures are required for end-to-end training of generative models,adversarial training is necessary for high-quality generation,high-quality generation requires adversarial training; gan-style adversarial objectives are required for strong image generation,,
P004,Evaluating speech recognition systems requires measuring word error rate (WER) as a primary metric.,recurrence is necessary for sequence modeling,recurrent structure is required for sequence modeling; sequence models require recurrence,,
P015,Gating mechanisms are essential for controlling information flow in recurrent architectures,recurrence is necessary for sequence modeling,recurrent structure is required for sequence modeling; sequence models require recurrence,,
